timestamp,content,sentiment_score
2025-03-30T03:02:06.000Z,"Gold ETFs just saw a 2-month inflow of $12 Billion, the largest since 2020 ",0.0
2025-03-30T02:53:29.000Z,,0.0
2025-03-30T02:47:51.000Z,,0.0
2025-03-30T02:47:38.000Z,,0.0
2025-03-30T02:47:29.000Z,,0.0
2025-03-30T02:44:15.000Z,,0.0
2025-03-30T02:43:04.000Z,Emergency Meeting has been called at $UBER headquarters after Jim Cramer says the stock is headed higher ,-0.3818
2025-03-30T02:34:31.000Z,They gonna call me a BTC maxi ,0.0
2025-03-30T02:34:13.000Z,"Source: Bank of America
H/T: ZeroHedge",0.0
2025-03-30T02:31:26.000Z,"U.S. Households have allocated 29% of their financial assets to stocks, an all-time high ",0.1779
2025-03-30T01:47:08.000Z,Magnificent 7 Stocks now trade at their cheapest valuation premiums relative to the rest of the S&P 500 in more than 6 years ,0.5994
2025-03-30T01:31:08.000Z,Goldman Sachs Stock Sentiment Indicator fell to its lowest level since April 2023 ,-0.3818
2025-03-30T02:31:26.000Z,"U.S. Households have allocated 29% of their financial assets to stocks, an all-time high ",0.1779
2025-03-30T01:47:08.000Z,Magnificent 7 Stocks now trade at their cheapest valuation premiums relative to the rest of the S&P 500 in more than 6 years ,0.5994
2025-03-30T01:31:08.000Z,Goldman Sachs Stock Sentiment Indicator fell to its lowest level since April 2023 ,-0.3818
2025-03-30T01:28:49.000Z,"Ethereum Network went live on July 30, 2015, so an investment 10 years ago today, wasn't possible",0.0
2025-03-30T01:08:35.000Z,You would need to work at Goldman Sachs to get live access to their Prime Book,0.0
2025-03-30T01:04:09.000Z,"true but definitely not everyone is staking and if you adjust for inflation, it's a wash and probably even worse",0.0772
2025-03-30T00:57:13.000Z,"Source: Goldman Sachs
H/T: ZeroHedge",0.0
2025-03-30T00:55:29.000Z,Hedge Funds just dumped Global Tech Stocks last week at the 2nd fastest pace in 5 years ,-0.4019
2025-03-30T00:03:16.000Z,,0.0
2025-03-29T23:40:50.000Z,"BREAKING : Ethereum

If you invested $10,000 in $ETH exactly 3 years ago, you'd have $5,374 today.  Not bad!",0.484
2025-03-29T23:17:12.000Z,WARNING : Nasdaq $QQQ 50-Day Moving Average just crossed below the 100D and looks like it could be headed for its first Death Cross  since March 2022,-0.6739
2025-03-30T00:55:29.000Z,Hedge Funds just dumped Global Tech Stocks last week at the 2nd fastest pace in 5 years ,-0.4019
2025-03-30T00:03:16.000Z,,0.0
2025-03-29T23:40:50.000Z,"BREAKING : Ethereum

If you invested $10,000 in $ETH exactly 3 years ago, you'd have $5,374 today.  Not bad!",0.484
2025-03-29T23:17:12.000Z,WARNING : Nasdaq $QQQ 50-Day Moving Average just crossed below the 100D and looks like it could be headed for its first Death Cross  since March 2022,-0.6739
2025-03-29T23:01:49.000Z,"Gold is up nearly 18% this quarter, on track for its best quarter since 1986 ",0.6369
2025-03-29T05:39:29.000Z,"Source: 
@VisualCap",0.0
2025-03-29T05:38:47.000Z,Income needed to be middle class in every U.S. State,0.0
2025-03-29T04:35:54.000Z,Nasdaq $QQQ on track for its worst month since December 2022 ,-0.6249
2025-03-29T05:38:47.000Z,Income needed to be middle class in every U.S. State,0.0
2025-03-29T04:35:54.000Z,Nasdaq $QQQ on track for its worst month since December 2022 ,-0.6249
2025-03-29T04:15:42.000Z,Amazon $AMZN falls back below its 200D moving average ,0.1779
2025-03-29T04:03:33.000Z,Wheat falls to its lowest price since July  Loading up on some sandwiches tomorrow! ,-0.4389
2025-03-29T03:58:40.000Z,,0.0
2025-03-29T03:51:47.000Z,"Source: University of Michigan
H/T: ZeroHedge",0.0
2025-03-29T03:49:02.000Z,"Americans now expect inflation to reach 4.1% over the next 5-10 years, the highest reading since February 1993 ",0.0258
2025-03-29T03:36:55.000Z,Consumer Sentiment falls to lowest level since 2022 ,-0.3818
2025-03-29T03:58:40.000Z,,0.0
2025-03-29T03:51:47.000Z,"Source: University of Michigan
H/T: ZeroHedge",0.0
2025-03-29T03:49:02.000Z,"Americans now expect inflation to reach 4.1% over the next 5-10 years, the highest reading since February 1993 ",0.0258
2025-03-29T03:36:55.000Z,Consumer Sentiment falls to lowest level since 2022 ,-0.3818
2025-03-29T01:30:10.000Z,Target $TGT drops to its lowest closing price since the onset of Covid  Brutal Chart,-0.7717
2025-03-29T01:12:45.000Z,S&P 500 Technology Stocks $XLK just formed a Death Cross  for the first time in more than 3 years  The last one sent prices plunging 25% over the next 7 months ,-0.5994
2025-03-29T00:14:21.000Z,"BREAKING : Orange Juice

OJ has now plunged 52% this quarter, on track for the largest quarterly loss in history  If you bought OJ last year, you got rugged ",-0.3182
2025-03-29T01:30:10.000Z,Target $TGT drops to its lowest closing price since the onset of Covid  Brutal Chart,-0.7717
2025-03-29T01:12:45.000Z,S&P 500 Technology Stocks $XLK just formed a Death Cross  for the first time in more than 3 years  The last one sent prices plunging 25% over the next 7 months ,-0.5994
2025-03-29T00:14:21.000Z,"BREAKING : Orange Juice

OJ has now plunged 52% this quarter, on track for the largest quarterly loss in history  If you bought OJ last year, you got rugged ",-0.3182
2025-03-28T23:26:19.000Z,maybe but folks have been saying that since $80,0.0
2025-03-28T23:19:10.000Z,Double Hammer on the Weekly for $TSLA - Definitely Bullish.  Doesn't mean it will play out that way but it's a bullish pattern.,0.3716
2025-03-28T23:09:30.000Z,"BREAKING : Nike 

$NKE falls to its lowest price since the onset of Covid and is on the verge of taking that out  New catchphrase: ""Just Dump It""",-0.6369
2025-03-28T23:00:44.000Z,"created it years ago, it's ours :)",0.6124
2025-03-28T22:39:56.000Z,Bears Right Now ,0.0
2025-03-28T21:15:38.000Z,S&P 500 on track for its worst month since September 2022 ,-0.6249
2025-03-29T01:30:10.000Z,Target $TGT drops to its lowest closing price since the onset of Covid  Brutal Chart,-0.7717
2025-03-29T01:12:45.000Z,S&P 500 Technology Stocks $XLK just formed a Death Cross  for the first time in more than 3 years  The last one sent prices plunging 25% over the next 7 months ,-0.5994
2025-03-29T00:14:21.000Z,"BREAKING : Orange Juice

OJ has now plunged 52% this quarter, on track for the largest quarterly loss in history  If you bought OJ last year, you got rugged ",-0.3182
2025-03-28T23:26:19.000Z,maybe but folks have been saying that since $80,0.0
2025-03-28T23:19:10.000Z,Double Hammer on the Weekly for $TSLA - Definitely Bullish.  Doesn't mean it will play out that way but it's a bullish pattern.,0.3716
2025-03-28T23:09:30.000Z,"BREAKING : Nike 

$NKE falls to its lowest price since the onset of Covid and is on the verge of taking that out  New catchphrase: ""Just Dump It""",-0.6369
2025-03-28T23:00:44.000Z,"created it years ago, it's ours :)",0.6124
2025-03-28T22:39:56.000Z,Bears Right Now ,0.0
2025-03-28T21:15:38.000Z,S&P 500 on track for its worst month since September 2022 ,-0.6249
2025-03-29T01:30:10.000Z,Target $TGT drops to its lowest closing price since the onset of Covid  Brutal Chart,-0.7717
2025-03-29T01:12:45.000Z,S&P 500 Technology Stocks $XLK just formed a Death Cross  for the first time in more than 3 years  The last one sent prices plunging 25% over the next 7 months ,-0.5994
2025-03-29T00:14:21.000Z,"BREAKING : Orange Juice

OJ has now plunged 52% this quarter, on track for the largest quarterly loss in history  If you bought OJ last year, you got rugged ",-0.3182
2025-03-28T23:26:19.000Z,maybe but folks have been saying that since $80,0.0
2025-03-28T23:19:10.000Z,Double Hammer on the Weekly for $TSLA - Definitely Bullish.  Doesn't mean it will play out that way but it's a bullish pattern.,0.3716
2025-03-28T23:09:30.000Z,"BREAKING : Nike 

$NKE falls to its lowest price since the onset of Covid and is on the verge of taking that out  New catchphrase: ""Just Dump It""",-0.6369
2025-03-28T23:00:44.000Z,"created it years ago, it's ours :)",0.6124
2025-03-28T22:39:56.000Z,Bears Right Now ,0.0
2025-03-28T21:15:38.000Z,S&P 500 on track for its worst month since September 2022 ,-0.6249
2025-03-29T01:30:10.000Z,Target $TGT drops to its lowest closing price since the onset of Covid  Brutal Chart,-0.7717
2025-03-29T01:12:45.000Z,S&P 500 Technology Stocks $XLK just formed a Death Cross  for the first time in more than 3 years  The last one sent prices plunging 25% over the next 7 months ,-0.5994
2025-03-29T00:14:21.000Z,"BREAKING : Orange Juice

OJ has now plunged 52% this quarter, on track for the largest quarterly loss in history  If you bought OJ last year, you got rugged ",-0.3182
2025-03-28T23:26:19.000Z,maybe but folks have been saying that since $80,0.0
2025-03-28T23:19:10.000Z,Double Hammer on the Weekly for $TSLA - Definitely Bullish.  Doesn't mean it will play out that way but it's a bullish pattern.,0.3716
2025-03-28T23:09:30.000Z,"BREAKING : Nike 

$NKE falls to its lowest price since the onset of Covid and is on the verge of taking that out  New catchphrase: ""Just Dump It""",-0.6369
2025-03-28T23:00:44.000Z,"created it years ago, it's ours :)",0.6124
2025-03-28T22:39:56.000Z,Bears Right Now ,0.0
2025-03-28T21:15:38.000Z,S&P 500 on track for its worst month since September 2022 ,-0.6249
2025-03-29T01:30:10.000Z,Target $TGT drops to its lowest closing price since the onset of Covid  Brutal Chart,-0.7717
2025-03-29T01:12:45.000Z,S&P 500 Technology Stocks $XLK just formed a Death Cross  for the first time in more than 3 years  The last one sent prices plunging 25% over the next 7 months ,-0.5994
2025-03-29T00:14:21.000Z,"BREAKING : Orange Juice

OJ has now plunged 52% this quarter, on track for the largest quarterly loss in history  If you bought OJ last year, you got rugged ",-0.3182
2025-03-28T23:26:19.000Z,maybe but folks have been saying that since $80,0.0
2025-03-28T23:19:10.000Z,Double Hammer on the Weekly for $TSLA - Definitely Bullish.  Doesn't mean it will play out that way but it's a bullish pattern.,0.3716
2025-03-28T23:09:30.000Z,"BREAKING : Nike 

$NKE falls to its lowest price since the onset of Covid and is on the verge of taking that out  New catchphrase: ""Just Dump It""",-0.6369
2025-03-28T23:00:44.000Z,"created it years ago, it's ours :)",0.6124
2025-03-28T22:39:56.000Z,Bears Right Now ,0.0
2025-03-28T21:15:38.000Z,S&P 500 on track for its worst month since September 2022 ,-0.6249
2025-03-29T01:30:10.000Z,Target $TGT drops to its lowest closing price since the onset of Covid  Brutal Chart,-0.7717
2025-03-29T01:12:45.000Z,S&P 500 Technology Stocks $XLK just formed a Death Cross  for the first time in more than 3 years  The last one sent prices plunging 25% over the next 7 months ,-0.5994
2025-03-29T00:14:21.000Z,"BREAKING : Orange Juice

OJ has now plunged 52% this quarter, on track for the largest quarterly loss in history  If you bought OJ last year, you got rugged ",-0.3182
2025-03-28T23:26:19.000Z,maybe but folks have been saying that since $80,0.0
2025-03-28T23:19:10.000Z,Double Hammer on the Weekly for $TSLA - Definitely Bullish.  Doesn't mean it will play out that way but it's a bullish pattern.,0.3716
2025-03-28T23:09:30.000Z,"BREAKING : Nike 

$NKE falls to its lowest price since the onset of Covid and is on the verge of taking that out  New catchphrase: ""Just Dump It""",-0.6369
2025-03-28T23:00:44.000Z,"created it years ago, it's ours :)",0.6124
2025-03-28T22:39:56.000Z,Bears Right Now ,0.0
2025-03-28T21:15:38.000Z,S&P 500 on track for its worst month since September 2022 ,-0.6249
2025-03-29T21:08:10.000Z,"IVERMECTIN BECOMES ACCESSIBLE WITHOUT PRESCRIPTION IN ARKANSAS UNDER NEW STATE LEGISLATION (MSN)

Governor Sarah Huckabee Sanders has officially signed Senate Bill 189 into law, granting approval for the sale and purchase of ivermectin for human use without a prescription.

The",0.6597
2025-03-29T19:40:57.000Z,"TOP 10 STATES WHERE ILLEGAL IMMIGRANT CHILDREN WERE RELEASED (The Daily Signal)

Of the hundreds of thousands of unaccompanied alien children, the Department of Health and Human Services transferred to sponsors between fiscal year 2019 and 2023, the majority were sent to 10",-0.4215
2025-03-29T12:35:21.000Z,"JUST A FEW YEARS AFTER DIPPING THEIR TOES INTO THE WORLD OF WORK, 4 IN 10 GEN ZERS ARE READY TO QUIT AND SURVIVE ON UNEMPLOYMENT BENEFITS INSTEAD (Fortune)

After dipping their toes into the working world and spending a handful of years on the job, many Gen Zers are ready to",0.6633
2025-03-29T21:08:10.000Z,"IVERMECTIN BECOMES ACCESSIBLE WITHOUT PRESCRIPTION IN ARKANSAS UNDER NEW STATE LEGISLATION (MSN)

Governor Sarah Huckabee Sanders has officially signed Senate Bill 189 into law, granting approval for the sale and purchase of ivermectin for human use without a prescription.

The",0.6597
2025-03-29T19:40:57.000Z,"TOP 10 STATES WHERE ILLEGAL IMMIGRANT CHILDREN WERE RELEASED (The Daily Signal)

Of the hundreds of thousands of unaccompanied alien children, the Department of Health and Human Services transferred to sponsors between fiscal year 2019 and 2023, the majority were sent to 10",-0.4215
2025-03-29T12:35:21.000Z,"JUST A FEW YEARS AFTER DIPPING THEIR TOES INTO THE WORLD OF WORK, 4 IN 10 GEN ZERS ARE READY TO QUIT AND SURVIVE ON UNEMPLOYMENT BENEFITS INSTEAD (Fortune)

After dipping their toes into the working world and spending a handful of years on the job, many Gen Zers are ready to",0.6633
2025-03-29T21:08:10.000Z,"IVERMECTIN BECOMES ACCESSIBLE WITHOUT PRESCRIPTION IN ARKANSAS UNDER NEW STATE LEGISLATION (MSN)

Governor Sarah Huckabee Sanders has officially signed Senate Bill 189 into law, granting approval for the sale and purchase of ivermectin for human use without a prescription.

The",0.6597
2025-03-29T19:40:57.000Z,"TOP 10 STATES WHERE ILLEGAL IMMIGRANT CHILDREN WERE RELEASED (The Daily Signal)

Of the hundreds of thousands of unaccompanied alien children, the Department of Health and Human Services transferred to sponsors between fiscal year 2019 and 2023, the majority were sent to 10",-0.4215
2025-03-29T12:35:21.000Z,"JUST A FEW YEARS AFTER DIPPING THEIR TOES INTO THE WORLD OF WORK, 4 IN 10 GEN ZERS ARE READY TO QUIT AND SURVIVE ON UNEMPLOYMENT BENEFITS INSTEAD (Fortune)

After dipping their toes into the working world and spending a handful of years on the job, many Gen Zers are ready to",0.6633
2025-03-29T21:08:10.000Z,"IVERMECTIN BECOMES ACCESSIBLE WITHOUT PRESCRIPTION IN ARKANSAS UNDER NEW STATE LEGISLATION (MSN)

Governor Sarah Huckabee Sanders has officially signed Senate Bill 189 into law, granting approval for the sale and purchase of ivermectin for human use without a prescription.

The",0.6597
2025-03-29T19:40:57.000Z,"TOP 10 STATES WHERE ILLEGAL IMMIGRANT CHILDREN WERE RELEASED (The Daily Signal)

Of the hundreds of thousands of unaccompanied alien children, the Department of Health and Human Services transferred to sponsors between fiscal year 2019 and 2023, the majority were sent to 10",-0.4215
2025-03-29T12:35:21.000Z,"JUST A FEW YEARS AFTER DIPPING THEIR TOES INTO THE WORLD OF WORK, 4 IN 10 GEN ZERS ARE READY TO QUIT AND SURVIVE ON UNEMPLOYMENT BENEFITS INSTEAD (Fortune)

After dipping their toes into the working world and spending a handful of years on the job, many Gen Zers are ready to",0.6633
2025-03-29T21:08:10.000Z,"IVERMECTIN BECOMES ACCESSIBLE WITHOUT PRESCRIPTION IN ARKANSAS UNDER NEW STATE LEGISLATION (MSN)

Governor Sarah Huckabee Sanders has officially signed Senate Bill 189 into law, granting approval for the sale and purchase of ivermectin for human use without a prescription.

The",0.6597
2025-03-29T19:40:57.000Z,"TOP 10 STATES WHERE ILLEGAL IMMIGRANT CHILDREN WERE RELEASED (The Daily Signal)

Of the hundreds of thousands of unaccompanied alien children, the Department of Health and Human Services transferred to sponsors between fiscal year 2019 and 2023, the majority were sent to 10",-0.4215
2025-03-29T12:35:21.000Z,"JUST A FEW YEARS AFTER DIPPING THEIR TOES INTO THE WORLD OF WORK, 4 IN 10 GEN ZERS ARE READY TO QUIT AND SURVIVE ON UNEMPLOYMENT BENEFITS INSTEAD (Fortune)

After dipping their toes into the working world and spending a handful of years on the job, many Gen Zers are ready to",0.6633
2025-03-30T06:08:32.000Z,Good night to everyone:,0.4404
2025-03-30T04:01:00.000Z,"To get updates on stocks and options, subscribe to Unusual Whales.

I'm working to create the tooling you want and need, as you need it!

Join here: http://unusualwhales.com/settings/billing…",0.5983
2025-03-30T03:31:00.000Z,"Elon Musk has said he and DOGE found 14 ‘magic money computers’ that create money out of thin air

Read more:",0.2732
2025-03-30T06:08:32.000Z,Good night to everyone:,0.4404
2025-03-30T04:01:00.000Z,"To get updates on stocks and options, subscribe to Unusual Whales.

I'm working to create the tooling you want and need, as you need it!

Join here: http://unusualwhales.com/settings/billing…",0.5983
2025-03-30T03:31:00.000Z,"Elon Musk has said he and DOGE found 14 ‘magic money computers’ that create money out of thin air

Read more:",0.2732
2025-03-30T06:08:32.000Z,Good night to everyone:,0.4404
2025-03-30T04:01:00.000Z,"To get updates on stocks and options, subscribe to Unusual Whales.

I'm working to create the tooling you want and need, as you need it!

Join here: http://unusualwhales.com/settings/billing…",0.5983
2025-03-30T03:31:00.000Z,"Elon Musk has said he and DOGE found 14 ‘magic money computers’ that create money out of thin air

Read more:",0.2732
2025-03-30T06:08:32.000Z,Good night to everyone:,0.4404
2025-03-30T04:01:00.000Z,"To get updates on stocks and options, subscribe to Unusual Whales.

I'm working to create the tooling you want and need, as you need it!

Join here: http://unusualwhales.com/settings/billing…",0.5983
2025-03-30T03:31:00.000Z,"Elon Musk has said he and DOGE found 14 ‘magic money computers’ that create money out of thin air

Read more:",0.2732
2025-03-30T06:08:32.000Z,Good night to everyone:,0.4404
2025-03-30T04:01:00.000Z,"To get updates on stocks and options, subscribe to Unusual Whales.

I'm working to create the tooling you want and need, as you need it!

Join here: http://unusualwhales.com/settings/billing…",0.5983
2025-03-30T03:31:00.000Z,"Elon Musk has said he and DOGE found 14 ‘magic money computers’ that create money out of thin air

Read more:",0.2732
2025-03-29T13:05:21.000Z,"Another week where the dollar declines alongside equities. This isn't just coincidence; it’s a signal that we might be entering a phase where the US dollar can no longer be relied upon as the primary haven asset, in my view. 

More importantly, I believe we’re stepping into a",0.4391
2025-03-28T21:23:35.000Z,"Junk bonds fell again today as Treasuries rallied, signaling rising spreads and worsening credit conditions.

A volatility event appears to be unfolding in my view.",0.128
2025-03-28T19:10:07.000Z,Looking forward to this live interview at 4 pm ET.,0.0
2025-03-29T13:05:21.000Z,"Another week where the dollar declines alongside equities. This isn't just coincidence; it’s a signal that we might be entering a phase where the US dollar can no longer be relied upon as the primary haven asset, in my view. 

More importantly, I believe we’re stepping into a",0.4391
2025-03-28T21:23:35.000Z,"Junk bonds fell again today as Treasuries rallied, signaling rising spreads and worsening credit conditions.

A volatility event appears to be unfolding in my view.",0.128
2025-03-28T19:10:07.000Z,Looking forward to this live interview at 4 pm ET.,0.0
2025-03-29T13:05:21.000Z,"Another week where the dollar declines alongside equities. This isn't just coincidence; it’s a signal that we might be entering a phase where the US dollar can no longer be relied upon as the primary haven asset, in my view. 

More importantly, I believe we’re stepping into a",0.4391
2025-03-28T21:23:35.000Z,"Junk bonds fell again today as Treasuries rallied, signaling rising spreads and worsening credit conditions.

A volatility event appears to be unfolding in my view.",0.128
2025-03-28T19:10:07.000Z,Looking forward to this live interview at 4 pm ET.,0.0
2025-03-29T13:05:21.000Z,"Another week where the dollar declines alongside equities. This isn't just coincidence; it’s a signal that we might be entering a phase where the US dollar can no longer be relied upon as the primary haven asset, in my view. 

More importantly, I believe we’re stepping into a",0.4391
2025-03-28T21:23:35.000Z,"Junk bonds fell again today as Treasuries rallied, signaling rising spreads and worsening credit conditions.

A volatility event appears to be unfolding in my view.",0.128
2025-03-28T19:10:07.000Z,Looking forward to this live interview at 4 pm ET.,0.0
2025-03-29T13:05:21.000Z,"Another week where the dollar declines alongside equities. This isn't just coincidence; it’s a signal that we might be entering a phase where the US dollar can no longer be relied upon as the primary haven asset, in my view. 

More importantly, I believe we’re stepping into a",0.4391
2025-03-28T21:23:35.000Z,"Junk bonds fell again today as Treasuries rallied, signaling rising spreads and worsening credit conditions.

A volatility event appears to be unfolding in my view.",0.128
2025-03-28T19:10:07.000Z,Looking forward to this live interview at 4 pm ET.,0.0
2025-03-29T20:53:50.000Z,"Often on the streets of NYC I smell it.

It's the only place where I consistently notice that.",0.0
2025-03-29T03:41:04.000Z,That's a good reminder to try the DC Comics version.,0.4404
2025-03-29T20:53:50.000Z,"Often on the streets of NYC I smell it.

It's the only place where I consistently notice that.",0.0
2025-03-29T03:41:04.000Z,That's a good reminder to try the DC Comics version.,0.4404
2025-03-29T20:53:50.000Z,"Often on the streets of NYC I smell it.

It's the only place where I consistently notice that.",0.0
2025-03-29T03:41:04.000Z,That's a good reminder to try the DC Comics version.,0.4404
2025-03-29T20:53:50.000Z,"Often on the streets of NYC I smell it.

It's the only place where I consistently notice that.",0.0
2025-03-29T03:41:04.000Z,That's a good reminder to try the DC Comics version.,0.4404
2025-03-29T20:53:50.000Z,"Often on the streets of NYC I smell it.

It's the only place where I consistently notice that.",0.0
2025-03-29T03:41:04.000Z,That's a good reminder to try the DC Comics version.,0.4404
2025-03-28T16:00:27.000Z,Credit spreads telling you what you need to know?,0.3818
2025-03-26T13:22:00.000Z,"One of the lowest hanging fruits for Trump to weaken the USD and save some US fiscal spending is to get other countries to spend (see Germany on defense).

Canada only spends 1.4% of GDP on NATO.

Pretty sure Trump will force that to change.",0.5859
2025-03-26T07:52:20.000Z,"In 6 months, the EURUSD exchange rate (now at 1.08) will be:",0.0
2025-03-28T16:00:27.000Z,Credit spreads telling you what you need to know?,0.3818
2025-03-26T13:22:00.000Z,"One of the lowest hanging fruits for Trump to weaken the USD and save some US fiscal spending is to get other countries to spend (see Germany on defense).

Canada only spends 1.4% of GDP on NATO.

Pretty sure Trump will force that to change.",0.5859
2025-03-26T07:52:20.000Z,"In 6 months, the EURUSD exchange rate (now at 1.08) will be:",0.0
2025-03-28T16:00:27.000Z,Credit spreads telling you what you need to know?,0.3818
2025-03-26T13:22:00.000Z,"One of the lowest hanging fruits for Trump to weaken the USD and save some US fiscal spending is to get other countries to spend (see Germany on defense).

Canada only spends 1.4% of GDP on NATO.

Pretty sure Trump will force that to change.",0.5859
2025-03-26T07:52:20.000Z,"In 6 months, the EURUSD exchange rate (now at 1.08) will be:",0.0
2025-03-28T16:00:27.000Z,Credit spreads telling you what you need to know?,0.3818
2025-03-26T13:22:00.000Z,"One of the lowest hanging fruits for Trump to weaken the USD and save some US fiscal spending is to get other countries to spend (see Germany on defense).

Canada only spends 1.4% of GDP on NATO.

Pretty sure Trump will force that to change.",0.5859
2025-03-26T07:52:20.000Z,"In 6 months, the EURUSD exchange rate (now at 1.08) will be:",0.0
2025-03-28T16:00:27.000Z,Credit spreads telling you what you need to know?,0.3818
2025-03-26T13:22:00.000Z,"One of the lowest hanging fruits for Trump to weaken the USD and save some US fiscal spending is to get other countries to spend (see Germany on defense).

Canada only spends 1.4% of GDP on NATO.

Pretty sure Trump will force that to change.",0.5859
2025-03-26T07:52:20.000Z,"In 6 months, the EURUSD exchange rate (now at 1.08) will be:",0.0
2025-03-30T02:45:56.000Z,,0.0
2025-03-30T02:42:13.000Z,,0.0
2025-03-30T02:37:47.000Z,"Text from a friend after I sent this video to them: ""This kinda makes me want to buy a Tesla now""",0.5
2025-03-30T02:45:56.000Z,,0.0
2025-03-30T02:42:13.000Z,,0.0
2025-03-30T02:37:47.000Z,"Text from a friend after I sent this video to them: ""This kinda makes me want to buy a Tesla now""",0.5
2025-03-30T02:45:56.000Z,,0.0
2025-03-30T02:42:13.000Z,,0.0
2025-03-30T02:37:47.000Z,"Text from a friend after I sent this video to them: ""This kinda makes me want to buy a Tesla now""",0.5
2025-03-30T02:45:56.000Z,,0.0
2025-03-30T02:42:13.000Z,,0.0
2025-03-30T02:37:47.000Z,"Text from a friend after I sent this video to them: ""This kinda makes me want to buy a Tesla now""",0.5
2025-03-30T02:45:56.000Z,,0.0
2025-03-30T02:42:13.000Z,,0.0
2025-03-30T02:37:47.000Z,"Text from a friend after I sent this video to them: ""This kinda makes me want to buy a Tesla now""",0.5
2025-03-29T19:31:31.000Z,"JUST IN:  Senator Ted Cruz says Elizabeth Warren and China hate Bitcoin ""because government can't control it.""",-0.5719
2025-03-29T15:04:30.000Z,Explaining Bitcoin to an empty room in 2013 when it was worth $100.,0.0258
2025-03-29T12:57:52.000Z, El Salvador's Pro-Bitcoin President Nayib Bukele to visit the White House for talks with President Trump in April.,0.0
2025-03-29T19:31:31.000Z,"JUST IN:  Senator Ted Cruz says Elizabeth Warren and China hate Bitcoin ""because government can't control it.""",-0.5719
2025-03-29T15:04:30.000Z,Explaining Bitcoin to an empty room in 2013 when it was worth $100.,0.0258
2025-03-29T12:57:52.000Z, El Salvador's Pro-Bitcoin President Nayib Bukele to visit the White House for talks with President Trump in April.,0.0
2025-03-29T19:31:31.000Z,"JUST IN:  Senator Ted Cruz says Elizabeth Warren and China hate Bitcoin ""because government can't control it.""",-0.5719
2025-03-29T15:04:30.000Z,Explaining Bitcoin to an empty room in 2013 when it was worth $100.,0.0258
2025-03-29T12:57:52.000Z, El Salvador's Pro-Bitcoin President Nayib Bukele to visit the White House for talks with President Trump in April.,0.0
2025-03-29T19:31:31.000Z,"JUST IN:  Senator Ted Cruz says Elizabeth Warren and China hate Bitcoin ""because government can't control it.""",-0.5719
2025-03-29T15:04:30.000Z,Explaining Bitcoin to an empty room in 2013 when it was worth $100.,0.0258
2025-03-29T12:57:52.000Z, El Salvador's Pro-Bitcoin President Nayib Bukele to visit the White House for talks with President Trump in April.,0.0
2025-03-29T19:31:31.000Z,"JUST IN:  Senator Ted Cruz says Elizabeth Warren and China hate Bitcoin ""because government can't control it.""",-0.5719
2025-03-29T15:04:30.000Z,Explaining Bitcoin to an empty room in 2013 when it was worth $100.,0.0258
2025-03-29T12:57:52.000Z, El Salvador's Pro-Bitcoin President Nayib Bukele to visit the White House for talks with President Trump in April.,0.0
2012-01-26T08:43:37.000Z,What?,0.0
2011-10-21T22:44:00.000Z,Can we get some followers please??,0.3939
2012-01-26T08:43:37.000Z,What?,0.0
2011-10-21T22:44:00.000Z,Can we get some followers please??,0.3939
2012-01-26T08:43:37.000Z,What?,0.0
2011-10-21T22:44:00.000Z,Can we get some followers please??,0.3939
2012-01-26T08:43:37.000Z,What?,0.0
2011-10-21T22:44:00.000Z,Can we get some followers please??,0.3939
2012-01-26T08:43:37.000Z,What?,0.0
2011-10-21T22:44:00.000Z,Can we get some followers please??,0.3939
2025-03-30T03:41:21.000Z,My pinned post ,0.0
2025-03-30T02:43:00.000Z,Where is the best place to get free stock market news?,0.8176
2025-03-30T00:38:15.000Z,@elonmusk,0.0
2025-03-30T03:41:21.000Z,My pinned post ,0.0
2025-03-30T02:43:00.000Z,Where is the best place to get free stock market news?,0.8176
2025-03-30T00:38:15.000Z,@elonmusk,0.0
2025-03-30T03:41:21.000Z,My pinned post ,0.0
2025-03-30T02:43:00.000Z,Where is the best place to get free stock market news?,0.8176
2025-03-30T00:38:15.000Z,@elonmusk,0.0
2025-03-29T18:29:41.000Z,Elon Musk owned X is reportedly planning to release Debit Cards,0.0
2025-03-29T18:16:07.000Z,I think the 6 pack of Evian for $80 is the worst one on there tbh,-0.6249
2025-03-29T18:03:29.000Z,"Want to hear something CRAZY ... StockMKTNewz is about to turn 5 years old 

My Stock Market news will always be FREE, FAST, ACCURATE, RELIABLE and CONSISTENT!

If this is something you want make sure to follow my page and like/RT all the news that you find valuable ",0.8016
2025-03-29T16:51:59.000Z,"Im thinking of switching over to Substack from Beehiiv 

Anyone have any first hand experience with Substack",0.4939
2025-03-29T15:30:15.000Z,"On this day in 1999 the Dow Jones closed above 10,000 for the first time ever

Today the Dow Jones is at 41,584",0.0
2025-03-29T14:59:07.000Z,Here's how every stock in the S&P 500 has performed so far in 2025,0.0
2025-03-29T14:21:51.000Z,The top 10 largest stocks in the world are now worth a combined $18.72 Trillion down from $19.26T last week,0.4019
2025-03-29T01:14:46.000Z,The return of Vine?,0.0
2025-03-29T18:29:41.000Z,Elon Musk owned X is reportedly planning to release Debit Cards,0.0
2025-03-29T18:16:07.000Z,I think the 6 pack of Evian for $80 is the worst one on there tbh,-0.6249
2025-03-29T18:03:29.000Z,"Want to hear something CRAZY ... StockMKTNewz is about to turn 5 years old 

My Stock Market news will always be FREE, FAST, ACCURATE, RELIABLE and CONSISTENT!

If this is something you want make sure to follow my page and like/RT all the news that you find valuable ",0.8016
2025-03-29T16:51:59.000Z,"Im thinking of switching over to Substack from Beehiiv 

Anyone have any first hand experience with Substack",0.4939
2025-03-29T15:30:15.000Z,"On this day in 1999 the Dow Jones closed above 10,000 for the first time ever

Today the Dow Jones is at 41,584",0.0
2025-03-29T14:59:07.000Z,Here's how every stock in the S&P 500 has performed so far in 2025,0.0
2025-03-29T14:21:51.000Z,The top 10 largest stocks in the world are now worth a combined $18.72 Trillion down from $19.26T last week,0.4019
2025-03-29T01:14:46.000Z,The return of Vine?,0.0
2025-03-29T18:29:41.000Z,Elon Musk owned X is reportedly planning to release Debit Cards,0.0
2025-03-29T18:16:07.000Z,I think the 6 pack of Evian for $80 is the worst one on there tbh,-0.6249
2025-03-29T18:03:29.000Z,"Want to hear something CRAZY ... StockMKTNewz is about to turn 5 years old 

My Stock Market news will always be FREE, FAST, ACCURATE, RELIABLE and CONSISTENT!

If this is something you want make sure to follow my page and like/RT all the news that you find valuable ",0.8016
2025-03-29T16:51:59.000Z,"Im thinking of switching over to Substack from Beehiiv 

Anyone have any first hand experience with Substack",0.4939
2025-03-29T15:30:15.000Z,"On this day in 1999 the Dow Jones closed above 10,000 for the first time ever

Today the Dow Jones is at 41,584",0.0
2025-03-29T14:59:07.000Z,Here's how every stock in the S&P 500 has performed so far in 2025,0.0
2025-03-29T14:21:51.000Z,The top 10 largest stocks in the world are now worth a combined $18.72 Trillion down from $19.26T last week,0.4019
2025-03-29T01:14:46.000Z,The return of Vine?,0.0
2025-03-29T18:29:41.000Z,Elon Musk owned X is reportedly planning to release Debit Cards,0.0
2025-03-29T18:16:07.000Z,I think the 6 pack of Evian for $80 is the worst one on there tbh,-0.6249
2025-03-29T18:03:29.000Z,"Want to hear something CRAZY ... StockMKTNewz is about to turn 5 years old 

My Stock Market news will always be FREE, FAST, ACCURATE, RELIABLE and CONSISTENT!

If this is something you want make sure to follow my page and like/RT all the news that you find valuable ",0.8016
2025-03-29T16:51:59.000Z,"Im thinking of switching over to Substack from Beehiiv 

Anyone have any first hand experience with Substack",0.4939
2025-03-29T15:30:15.000Z,"On this day in 1999 the Dow Jones closed above 10,000 for the first time ever

Today the Dow Jones is at 41,584",0.0
2025-03-29T14:59:07.000Z,Here's how every stock in the S&P 500 has performed so far in 2025,0.0
2025-03-29T14:21:51.000Z,The top 10 largest stocks in the world are now worth a combined $18.72 Trillion down from $19.26T last week,0.4019
2025-03-29T01:14:46.000Z,The return of Vine?,0.0
2025-03-29T18:29:41.000Z,Elon Musk owned X is reportedly planning to release Debit Cards,0.0
2025-03-29T18:16:07.000Z,I think the 6 pack of Evian for $80 is the worst one on there tbh,-0.6249
2025-03-29T18:03:29.000Z,"Want to hear something CRAZY ... StockMKTNewz is about to turn 5 years old 

My Stock Market news will always be FREE, FAST, ACCURATE, RELIABLE and CONSISTENT!

If this is something you want make sure to follow my page and like/RT all the news that you find valuable ",0.8016
2025-03-29T16:51:59.000Z,"Im thinking of switching over to Substack from Beehiiv 

Anyone have any first hand experience with Substack",0.4939
2025-03-29T15:30:15.000Z,"On this day in 1999 the Dow Jones closed above 10,000 for the first time ever

Today the Dow Jones is at 41,584",0.0
2025-03-29T14:59:07.000Z,Here's how every stock in the S&P 500 has performed so far in 2025,0.0
2025-03-29T14:21:51.000Z,The top 10 largest stocks in the world are now worth a combined $18.72 Trillion down from $19.26T last week,0.4019
2025-03-29T01:14:46.000Z,The return of Vine?,0.0
2025-03-29T18:29:41.000Z,Elon Musk owned X is reportedly planning to release Debit Cards,0.0
2025-03-29T18:16:07.000Z,I think the 6 pack of Evian for $80 is the worst one on there tbh,-0.6249
2025-03-29T18:03:29.000Z,"Want to hear something CRAZY ... StockMKTNewz is about to turn 5 years old 

My Stock Market news will always be FREE, FAST, ACCURATE, RELIABLE and CONSISTENT!

If this is something you want make sure to follow my page and like/RT all the news that you find valuable ",0.8016
2025-03-29T16:51:59.000Z,"Im thinking of switching over to Substack from Beehiiv 

Anyone have any first hand experience with Substack",0.4939
2025-03-29T15:30:15.000Z,"On this day in 1999 the Dow Jones closed above 10,000 for the first time ever

Today the Dow Jones is at 41,584",0.0
2025-03-29T14:59:07.000Z,Here's how every stock in the S&P 500 has performed so far in 2025,0.0
2025-03-29T14:21:51.000Z,The top 10 largest stocks in the world are now worth a combined $18.72 Trillion down from $19.26T last week,0.4019
2025-03-29T01:14:46.000Z,The return of Vine?,0.0
2025-03-30T00:14:01.000Z,"Thanks to the partnership between Klarna and DoorDash, you can buy a cheeseburger in 4 equal interest-free installments.

Loans for cheeseburgers... 

Fucked.",-0.3612
2025-03-29T22:56:28.000Z,The stock market since Trump got elected explained,0.0
2025-03-29T22:48:55.000Z,"Instead of stealing Greenland from Denmark, let’s steal some of their policies.

In Denmark:

- Health care and college are free.  

- The starting wage is $22/hr.

- Paid parental leave is 1 year. 

- Paid vacation is 6 weeks.  

- All workers get pensions.",-0.1531
2025-03-30T00:14:01.000Z,"Thanks to the partnership between Klarna and DoorDash, you can buy a cheeseburger in 4 equal interest-free installments.

Loans for cheeseburgers... 

Fucked.",-0.3612
2025-03-29T22:56:28.000Z,The stock market since Trump got elected explained,0.0
2025-03-29T22:48:55.000Z,"Instead of stealing Greenland from Denmark, let’s steal some of their policies.

In Denmark:

- Health care and college are free.  

- The starting wage is $22/hr.

- Paid parental leave is 1 year. 

- Paid vacation is 6 weeks.  

- All workers get pensions.",-0.1531
2025-03-30T00:14:01.000Z,"Thanks to the partnership between Klarna and DoorDash, you can buy a cheeseburger in 4 equal interest-free installments.

Loans for cheeseburgers... 

Fucked.",-0.3612
2025-03-29T22:56:28.000Z,The stock market since Trump got elected explained,0.0
2025-03-29T22:48:55.000Z,"Instead of stealing Greenland from Denmark, let’s steal some of their policies.

In Denmark:

- Health care and college are free.  

- The starting wage is $22/hr.

- Paid parental leave is 1 year. 

- Paid vacation is 6 weeks.  

- All workers get pensions.",-0.1531
2025-03-30T00:14:01.000Z,"Thanks to the partnership between Klarna and DoorDash, you can buy a cheeseburger in 4 equal interest-free installments.

Loans for cheeseburgers... 

Fucked.",-0.3612
2025-03-29T22:56:28.000Z,The stock market since Trump got elected explained,0.0
2025-03-29T22:48:55.000Z,"Instead of stealing Greenland from Denmark, let’s steal some of their policies.

In Denmark:

- Health care and college are free.  

- The starting wage is $22/hr.

- Paid parental leave is 1 year. 

- Paid vacation is 6 weeks.  

- All workers get pensions.",-0.1531
2025-03-30T00:14:01.000Z,"Thanks to the partnership between Klarna and DoorDash, you can buy a cheeseburger in 4 equal interest-free installments.

Loans for cheeseburgers... 

Fucked.",-0.3612
2025-03-29T22:56:28.000Z,The stock market since Trump got elected explained,0.0
2025-03-29T22:48:55.000Z,"Instead of stealing Greenland from Denmark, let’s steal some of their policies.

In Denmark:

- Health care and college are free.  

- The starting wage is $22/hr.

- Paid parental leave is 1 year. 

- Paid vacation is 6 weeks.  

- All workers get pensions.",-0.1531
2025-01-06T13:59:07.000Z,"$IC 
@TailofIcy
 will explode soon ",0.0
2025-01-03T18:43:50.000Z,"Billion marketcap loading $ic 
@TailofIcy",0.0
2024-12-12T13:59:27.000Z,"$IC 
@TailofIcy
 the real gem from ETH",0.0
2025-01-06T13:59:07.000Z,"$IC 
@TailofIcy
 will explode soon ",0.0
2025-01-03T18:43:50.000Z,"Billion marketcap loading $ic 
@TailofIcy",0.0
2024-12-12T13:59:27.000Z,"$IC 
@TailofIcy
 the real gem from ETH",0.0
2025-01-06T13:59:07.000Z,"$IC 
@TailofIcy
 will explode soon ",0.0
2025-01-03T18:43:50.000Z,"Billion marketcap loading $ic 
@TailofIcy",0.0
2024-12-12T13:59:27.000Z,"$IC 
@TailofIcy
 the real gem from ETH",0.0
2025-01-06T13:59:07.000Z,"$IC 
@TailofIcy
 will explode soon ",0.0
2025-01-03T18:43:50.000Z,"Billion marketcap loading $ic 
@TailofIcy",0.0
2024-12-12T13:59:27.000Z,"$IC 
@TailofIcy
 the real gem from ETH",0.0
2025-01-06T13:59:07.000Z,"$IC 
@TailofIcy
 will explode soon ",0.0
2025-01-03T18:43:50.000Z,"Billion marketcap loading $ic 
@TailofIcy",0.0
2024-12-12T13:59:27.000Z,"$IC 
@TailofIcy
 the real gem from ETH",0.0
2025-03-30T00:25:11.000Z,Goldman Trading Desk: Three Topics Dominated All Conversations This Week,0.0
2025-03-29T23:50:09.000Z,Federal Judge Blocks Deportation Of Tufts University Student Detained By ICE,-0.5574
2025-03-29T23:15:09.000Z,Millionaire Fitness Coach Charged For Keying Tesla In Washington,0.0772
2025-03-29T22:40:10.000Z,"Paper Promises, Golden Truths",0.6597
2025-03-29T22:05:09.000Z,Trump Administration Using Spy Satellites To Monitor Southern Border,0.0
2025-03-29T22:40:10.000Z,"Paper Promises, Golden Truths",0.6597
2025-03-29T22:05:09.000Z,Trump Administration Using Spy Satellites To Monitor Southern Border,0.0
2025-03-29T21:30:09.000Z,University Of Michigan Guts DEI Programs,0.0
2025-03-29T20:55:09.000Z,Another Near-Disaster At DC Airport: Delta Jet Narrowly Misses USAF T-38,-0.2263
2025-03-29T20:20:09.000Z,Trump Inks $100 Million Deal With Skadden Law Firm,0.0
2025-03-29T19:45:09.000Z,"Maryland Democrats Pass ""Sleep Tax"" - Is a Thinking Tax Next?",0.0
2025-03-29T19:10:09.000Z,Downsize Your Euphoria,0.6486
2025-03-29T18:35:09.000Z,Trump Signs Exec Order Restoring Improperly Removed Statues And Public Monuments,0.296
2025-03-29T19:45:09.000Z,"Maryland Democrats Pass ""Sleep Tax"" - Is a Thinking Tax Next?",0.0
2025-03-29T19:10:09.000Z,Downsize Your Euphoria,0.6486
2025-03-29T18:35:09.000Z,Trump Signs Exec Order Restoring Improperly Removed Statues And Public Monuments,0.296
2025-03-29T18:00:11.000Z,Hartnett: Ignore April 2; This Is The Date That Will Set The Market's Next Direction,-0.3612
2025-03-29T17:25:09.000Z,xAI & X Merger Defuses Musk's Tesla Share Liquidation Risk,0.0258
2025-03-29T16:50:09.000Z,Rep. Masssie Pushes For Nationwide Right To Carry Firearms Without Permit,0.0
2025-03-29T19:45:09.000Z,"Maryland Democrats Pass ""Sleep Tax"" - Is a Thinking Tax Next?",0.0
2025-03-29T19:10:09.000Z,Downsize Your Euphoria,0.6486
2025-03-29T18:35:09.000Z,Trump Signs Exec Order Restoring Improperly Removed Statues And Public Monuments,0.296
2025-03-29T18:00:11.000Z,Hartnett: Ignore April 2; This Is The Date That Will Set The Market's Next Direction,-0.3612
2025-03-29T17:25:09.000Z,xAI & X Merger Defuses Musk's Tesla Share Liquidation Risk,0.0258
2025-03-29T16:50:09.000Z,Rep. Masssie Pushes For Nationwide Right To Carry Firearms Without Permit,0.0
2025-03-29T19:45:09.000Z,"Maryland Democrats Pass ""Sleep Tax"" - Is a Thinking Tax Next?",0.0
2025-03-29T19:10:09.000Z,Downsize Your Euphoria,0.6486
2025-03-29T18:35:09.000Z,Trump Signs Exec Order Restoring Improperly Removed Statues And Public Monuments,0.296
2025-03-29T18:00:11.000Z,Hartnett: Ignore April 2; This Is The Date That Will Set The Market's Next Direction,-0.3612
2025-03-29T17:25:09.000Z,xAI & X Merger Defuses Musk's Tesla Share Liquidation Risk,0.0258
2025-03-29T16:50:09.000Z,Rep. Masssie Pushes For Nationwide Right To Carry Firearms Without Permit,0.0
2025-03-29T19:45:09.000Z,"Maryland Democrats Pass ""Sleep Tax"" - Is a Thinking Tax Next?",0.0
2025-03-29T19:10:09.000Z,Downsize Your Euphoria,0.6486
2025-03-29T18:35:09.000Z,Trump Signs Exec Order Restoring Improperly Removed Statues And Public Monuments,0.296
2025-03-29T18:00:11.000Z,Hartnett: Ignore April 2; This Is The Date That Will Set The Market's Next Direction,-0.3612
2025-03-29T17:25:09.000Z,xAI & X Merger Defuses Musk's Tesla Share Liquidation Risk,0.0258
2025-03-29T16:50:09.000Z,Rep. Masssie Pushes For Nationwide Right To Carry Firearms Without Permit,0.0
2025-03-29T19:45:09.000Z,"Maryland Democrats Pass ""Sleep Tax"" - Is a Thinking Tax Next?",0.0
2025-03-29T19:10:09.000Z,Downsize Your Euphoria,0.6486
2025-03-29T18:35:09.000Z,Trump Signs Exec Order Restoring Improperly Removed Statues And Public Monuments,0.296
2025-03-29T18:00:11.000Z,Hartnett: Ignore April 2; This Is The Date That Will Set The Market's Next Direction,-0.3612
2025-03-29T17:25:09.000Z,xAI & X Merger Defuses Musk's Tesla Share Liquidation Risk,0.0258
2025-03-29T16:50:09.000Z,Rep. Masssie Pushes For Nationwide Right To Carry Firearms Without Permit,0.0
2025-03-29T19:45:09.000Z,"Maryland Democrats Pass ""Sleep Tax"" - Is a Thinking Tax Next?",0.0
2025-03-29T19:10:09.000Z,Downsize Your Euphoria,0.6486
2025-03-29T18:35:09.000Z,Trump Signs Exec Order Restoring Improperly Removed Statues And Public Monuments,0.296
2025-03-29T18:00:11.000Z,Hartnett: Ignore April 2; This Is The Date That Will Set The Market's Next Direction,-0.3612
2025-03-29T17:25:09.000Z,xAI & X Merger Defuses Musk's Tesla Share Liquidation Risk,0.0258
2025-03-29T16:50:09.000Z,Rep. Masssie Pushes For Nationwide Right To Carry Firearms Without Permit,0.0
2025-03-29T12:53:39.000Z,"Every week I break down the most important charts and themes in markets and investing. Subscribe to our YouTube channel for the latest video content...

https://youtube.com/channel/UCRoWRnXa4ZM85Fw9EN7xICA?sub_confirmation=1…",0.2716
2025-03-28T21:18:29.000Z,"#FF 
@PeterMallouk
, a great follow!",0.6588
2025-03-28T19:05:00.000Z,"S&P 500 intra-year drawdowns of...
-1% happens every year
-5% happens every 1.1 years on average
-10% happens every 1.6 years on average
-15% happens every 2.5 years on average
-20% happens every 4 years on average
-30% happens every 10 years on average",0.0
2025-03-29T12:53:39.000Z,"Every week I break down the most important charts and themes in markets and investing. Subscribe to our YouTube channel for the latest video content...

https://youtube.com/channel/UCRoWRnXa4ZM85Fw9EN7xICA?sub_confirmation=1…",0.2716
2025-03-28T21:18:29.000Z,"#FF 
@PeterMallouk
, a great follow!",0.6588
2025-03-28T19:05:00.000Z,"S&P 500 intra-year drawdowns of...
-1% happens every year
-5% happens every 1.1 years on average
-10% happens every 1.6 years on average
-15% happens every 2.5 years on average
-20% happens every 4 years on average
-30% happens every 10 years on average",0.0
2025-03-29T12:53:39.000Z,"Every week I break down the most important charts and themes in markets and investing. Subscribe to our YouTube channel for the latest video content...

https://youtube.com/channel/UCRoWRnXa4ZM85Fw9EN7xICA?sub_confirmation=1…",0.2716
2025-03-28T21:18:29.000Z,"#FF 
@PeterMallouk
, a great follow!",0.6588
2025-03-28T19:05:00.000Z,"S&P 500 intra-year drawdowns of...
-1% happens every year
-5% happens every 1.1 years on average
-10% happens every 1.6 years on average
-15% happens every 2.5 years on average
-20% happens every 4 years on average
-30% happens every 10 years on average",0.0
2025-03-29T12:53:39.000Z,"Every week I break down the most important charts and themes in markets and investing. Subscribe to our YouTube channel for the latest video content...

https://youtube.com/channel/UCRoWRnXa4ZM85Fw9EN7xICA?sub_confirmation=1…",0.2716
2025-03-28T21:18:29.000Z,"#FF 
@PeterMallouk
, a great follow!",0.6588
2025-03-28T19:05:00.000Z,"S&P 500 intra-year drawdowns of...
-1% happens every year
-5% happens every 1.1 years on average
-10% happens every 1.6 years on average
-15% happens every 2.5 years on average
-20% happens every 4 years on average
-30% happens every 10 years on average",0.0
2025-03-29T12:53:39.000Z,"Every week I break down the most important charts and themes in markets and investing. Subscribe to our YouTube channel for the latest video content...

https://youtube.com/channel/UCRoWRnXa4ZM85Fw9EN7xICA?sub_confirmation=1…",0.2716
2025-03-28T21:18:29.000Z,"#FF 
@PeterMallouk
, a great follow!",0.6588
2025-03-28T19:05:00.000Z,"S&P 500 intra-year drawdowns of...
-1% happens every year
-5% happens every 1.1 years on average
-10% happens every 1.6 years on average
-15% happens every 2.5 years on average
-20% happens every 4 years on average
-30% happens every 10 years on average",0.0
2025-03-28T20:19:19.000Z,"Notes on the Data have been updated for the following as-of date: January 1, 2025. Data on this H.8 release have been benchmarked through the December 2024 Call Report. (3/3) #FedData https://federalreserve.gov/releases/h8/h8notes.htm…
https://federalreserve.gov/feeds/h8.html",0.0
2025-03-28T20:19:18.000Z,A Final Federal Register Notice (FFRN) has been published detailing changes to the FR 2644 data collection. The H.8 release is primarily based on the data collected through the FR 2644 reporting form. (2/3) #FedData https://federalreserve.gov/releases/h8/current/default.htm…,0.0
2025-03-28T20:19:18.000Z,Now available: Weekly data on the Assets and Liabilities of Commercial Banks in the United States (1/3) #FedData https://federalreserve.gov/releases/h8/current/default.htm…,0.4019
2025-03-28T20:19:19.000Z,"Notes on the Data have been updated for the following as-of date: January 1, 2025. Data on this H.8 release have been benchmarked through the December 2024 Call Report. (3/3) #FedData https://federalreserve.gov/releases/h8/h8notes.htm…
https://federalreserve.gov/feeds/h8.html",0.0
2025-03-28T20:19:18.000Z,A Final Federal Register Notice (FFRN) has been published detailing changes to the FR 2644 data collection. The H.8 release is primarily based on the data collected through the FR 2644 reporting form. (2/3) #FedData https://federalreserve.gov/releases/h8/current/default.htm…,0.0
2025-03-28T20:19:18.000Z,Now available: Weekly data on the Assets and Liabilities of Commercial Banks in the United States (1/3) #FedData https://federalreserve.gov/releases/h8/current/default.htm…,0.4019
2025-03-28T20:19:19.000Z,"Notes on the Data have been updated for the following as-of date: January 1, 2025. Data on this H.8 release have been benchmarked through the December 2024 Call Report. (3/3) #FedData https://federalreserve.gov/releases/h8/h8notes.htm…
https://federalreserve.gov/feeds/h8.html",0.0
2025-03-28T20:19:18.000Z,A Final Federal Register Notice (FFRN) has been published detailing changes to the FR 2644 data collection. The H.8 release is primarily based on the data collected through the FR 2644 reporting form. (2/3) #FedData https://federalreserve.gov/releases/h8/current/default.htm…,0.0
2025-03-28T20:19:18.000Z,Now available: Weekly data on the Assets and Liabilities of Commercial Banks in the United States (1/3) #FedData https://federalreserve.gov/releases/h8/current/default.htm…,0.4019
2025-03-28T20:19:19.000Z,"Notes on the Data have been updated for the following as-of date: January 1, 2025. Data on this H.8 release have been benchmarked through the December 2024 Call Report. (3/3) #FedData https://federalreserve.gov/releases/h8/h8notes.htm…
https://federalreserve.gov/feeds/h8.html",0.0
2025-03-28T20:19:18.000Z,A Final Federal Register Notice (FFRN) has been published detailing changes to the FR 2644 data collection. The H.8 release is primarily based on the data collected through the FR 2644 reporting form. (2/3) #FedData https://federalreserve.gov/releases/h8/current/default.htm…,0.0
2025-03-28T20:19:18.000Z,Now available: Weekly data on the Assets and Liabilities of Commercial Banks in the United States (1/3) #FedData https://federalreserve.gov/releases/h8/current/default.htm…,0.4019
2025-03-28T20:19:19.000Z,"Notes on the Data have been updated for the following as-of date: January 1, 2025. Data on this H.8 release have been benchmarked through the December 2024 Call Report. (3/3) #FedData https://federalreserve.gov/releases/h8/h8notes.htm…
https://federalreserve.gov/feeds/h8.html",0.0
2025-03-28T20:19:18.000Z,A Final Federal Register Notice (FFRN) has been published detailing changes to the FR 2644 data collection. The H.8 release is primarily based on the data collected through the FR 2644 reporting form. (2/3) #FedData https://federalreserve.gov/releases/h8/current/default.htm…,0.0
2025-03-28T20:19:18.000Z,Now available: Weekly data on the Assets and Liabilities of Commercial Banks in the United States (1/3) #FedData https://federalreserve.gov/releases/h8/current/default.htm…,0.4019
2025-03-28T22:32:27.000Z,"Come one, come all to the biggest night in fintwit! 

The Cashtag Awards, presented by 
@eToro
, is bringing the biggest names in finance under one roof!

Come hang with 
@WOLF_Financial
, 
@StockSavvyShay
, 
@austinhankwitz
, 
@alphatrends
, 
@StockMKTNewz
 and SO MANY MORE!

Get your",0.5962
2025-03-28T21:44:26.000Z,"BREAKING: xAI has acquired X in an all-stock deal...

The deal values xAI at $80 billion and X at $33 billion",0.4019
2025-03-28T20:27:17.000Z, LIVE: WEEKEND RIP WITH BEN & EMIL - OH NO IT'S A BULL TRAP!,-0.7398
2025-03-28T20:19:45.000Z,"BREAKING: The US stock market...

The S&P 500 is on pace for its worst month since December 2022 

Since March 1st, the S&P has lost $3.1 TRILLION in market cap ",-0.7506
2025-03-28T19:52:30.000Z,"""Hawk Tuah"" girl Haliey Welch says the SEC has closed its investigation into her meme coin and will not be pursuing any charges or financial penalties...

It only crashed 95% hours after launch, no big deal ",-0.5106
2025-03-28T19:36:28.000Z,"Is $TSLA still the EV leader? 
@Buncahn
 doesn't think so...

Watch the Weekend Rip LIVE at 4:30 PM EST, see you then!",0.0
2025-03-28T22:32:27.000Z,"Come one, come all to the biggest night in fintwit! 

The Cashtag Awards, presented by 
@eToro
, is bringing the biggest names in finance under one roof!

Come hang with 
@WOLF_Financial
, 
@StockSavvyShay
, 
@austinhankwitz
, 
@alphatrends
, 
@StockMKTNewz
 and SO MANY MORE!

Get your",0.5962
2025-03-28T21:44:26.000Z,"BREAKING: xAI has acquired X in an all-stock deal...

The deal values xAI at $80 billion and X at $33 billion",0.4019
2025-03-28T20:27:17.000Z, LIVE: WEEKEND RIP WITH BEN & EMIL - OH NO IT'S A BULL TRAP!,-0.7398
2025-03-28T20:19:45.000Z,"BREAKING: The US stock market...

The S&P 500 is on pace for its worst month since December 2022 

Since March 1st, the S&P has lost $3.1 TRILLION in market cap ",-0.7506
2025-03-28T19:52:30.000Z,"""Hawk Tuah"" girl Haliey Welch says the SEC has closed its investigation into her meme coin and will not be pursuing any charges or financial penalties...

It only crashed 95% hours after launch, no big deal ",-0.5106
2025-03-28T19:36:28.000Z,"Is $TSLA still the EV leader? 
@Buncahn
 doesn't think so...

Watch the Weekend Rip LIVE at 4:30 PM EST, see you then!",0.0
2025-03-28T22:32:27.000Z,"Come one, come all to the biggest night in fintwit! 

The Cashtag Awards, presented by 
@eToro
, is bringing the biggest names in finance under one roof!

Come hang with 
@WOLF_Financial
, 
@StockSavvyShay
, 
@austinhankwitz
, 
@alphatrends
, 
@StockMKTNewz
 and SO MANY MORE!

Get your",0.5962
2025-03-28T21:44:26.000Z,"BREAKING: xAI has acquired X in an all-stock deal...

The deal values xAI at $80 billion and X at $33 billion",0.4019
2025-03-28T20:27:17.000Z, LIVE: WEEKEND RIP WITH BEN & EMIL - OH NO IT'S A BULL TRAP!,-0.7398
2025-03-28T20:19:45.000Z,"BREAKING: The US stock market...

The S&P 500 is on pace for its worst month since December 2022 

Since March 1st, the S&P has lost $3.1 TRILLION in market cap ",-0.7506
2025-03-28T19:52:30.000Z,"""Hawk Tuah"" girl Haliey Welch says the SEC has closed its investigation into her meme coin and will not be pursuing any charges or financial penalties...

It only crashed 95% hours after launch, no big deal ",-0.5106
2025-03-28T19:36:28.000Z,"Is $TSLA still the EV leader? 
@Buncahn
 doesn't think so...

Watch the Weekend Rip LIVE at 4:30 PM EST, see you then!",0.0
2025-03-28T22:32:27.000Z,"Come one, come all to the biggest night in fintwit! 

The Cashtag Awards, presented by 
@eToro
, is bringing the biggest names in finance under one roof!

Come hang with 
@WOLF_Financial
, 
@StockSavvyShay
, 
@austinhankwitz
, 
@alphatrends
, 
@StockMKTNewz
 and SO MANY MORE!

Get your",0.5962
2025-03-28T21:44:26.000Z,"BREAKING: xAI has acquired X in an all-stock deal...

The deal values xAI at $80 billion and X at $33 billion",0.4019
2025-03-28T20:27:17.000Z, LIVE: WEEKEND RIP WITH BEN & EMIL - OH NO IT'S A BULL TRAP!,-0.7398
2025-03-28T20:19:45.000Z,"BREAKING: The US stock market...

The S&P 500 is on pace for its worst month since December 2022 

Since March 1st, the S&P has lost $3.1 TRILLION in market cap ",-0.7506
2025-03-28T19:52:30.000Z,"""Hawk Tuah"" girl Haliey Welch says the SEC has closed its investigation into her meme coin and will not be pursuing any charges or financial penalties...

It only crashed 95% hours after launch, no big deal ",-0.5106
2025-03-28T19:36:28.000Z,"Is $TSLA still the EV leader? 
@Buncahn
 doesn't think so...

Watch the Weekend Rip LIVE at 4:30 PM EST, see you then!",0.0
2025-03-28T22:32:27.000Z,"Come one, come all to the biggest night in fintwit! 

The Cashtag Awards, presented by 
@eToro
, is bringing the biggest names in finance under one roof!

Come hang with 
@WOLF_Financial
, 
@StockSavvyShay
, 
@austinhankwitz
, 
@alphatrends
, 
@StockMKTNewz
 and SO MANY MORE!

Get your",0.5962
2025-03-28T21:44:26.000Z,"BREAKING: xAI has acquired X in an all-stock deal...

The deal values xAI at $80 billion and X at $33 billion",0.4019
2025-03-28T20:27:17.000Z, LIVE: WEEKEND RIP WITH BEN & EMIL - OH NO IT'S A BULL TRAP!,-0.7398
2025-03-28T20:19:45.000Z,"BREAKING: The US stock market...

The S&P 500 is on pace for its worst month since December 2022 

Since March 1st, the S&P has lost $3.1 TRILLION in market cap ",-0.7506
2025-03-28T19:52:30.000Z,"""Hawk Tuah"" girl Haliey Welch says the SEC has closed its investigation into her meme coin and will not be pursuing any charges or financial penalties...

It only crashed 95% hours after launch, no big deal ",-0.5106
2025-03-28T19:36:28.000Z,"Is $TSLA still the EV leader? 
@Buncahn
 doesn't think so...

Watch the Weekend Rip LIVE at 4:30 PM EST, see you then!",0.0
2025-03-28T22:32:27.000Z,"Come one, come all to the biggest night in fintwit! 

The Cashtag Awards, presented by 
@eToro
, is bringing the biggest names in finance under one roof!

Come hang with 
@WOLF_Financial
, 
@StockSavvyShay
, 
@austinhankwitz
, 
@alphatrends
, 
@StockMKTNewz
 and SO MANY MORE!

Get your",0.5962
2025-03-28T21:44:26.000Z,"BREAKING: xAI has acquired X in an all-stock deal...

The deal values xAI at $80 billion and X at $33 billion",0.4019
2025-03-28T20:27:17.000Z, LIVE: WEEKEND RIP WITH BEN & EMIL - OH NO IT'S A BULL TRAP!,-0.7398
2025-03-28T20:19:45.000Z,"BREAKING: The US stock market...

The S&P 500 is on pace for its worst month since December 2022 

Since March 1st, the S&P has lost $3.1 TRILLION in market cap ",-0.7506
2025-03-28T19:52:30.000Z,"""Hawk Tuah"" girl Haliey Welch says the SEC has closed its investigation into her meme coin and will not be pursuing any charges or financial penalties...

It only crashed 95% hours after launch, no big deal ",-0.5106
2025-03-28T19:36:28.000Z,"Is $TSLA still the EV leader? 
@Buncahn
 doesn't think so...

Watch the Weekend Rip LIVE at 4:30 PM EST, see you then!",0.0
